Trimestre;Tipo de producto;Corredor;Empresa;Tipo de servicio;Ingresos por venta de billetes;Plazas Ofertadas;Plazas.km Ofertadas (Plazas.km);Tren.km (Tren.km);Viajeros;Viajeros.km (Viajeros.km)
2016T1;Cercanías;Total;Total;OSP;;;5836879371;16638744;100892888;1924136032
2016T1;LD AV;Madrid-Alicante;Renfe Viajeros;Comercial;;;185703252;587646;355281;135603638
2016T1;LD AV;Madrid-Barcelona;Renfe Viajeros;Comercial;;;1229535141;3060141;1826917;852359177
2016T1;LD AV;Madrid-Málaga/Granada;Renfe Viajeros;Comercial;;;362652012;1009358;538725;247875607
2016T1;LD AV;Madrid-Sevilla;Renfe Viajeros;Comercial;;;444641331;1318513;785860;333002869
2016T1;LD AV;Madrid-Valencia;Renfe Viajeros;Comercial;;;299258736;824318;563933;215498752
2016T1;LD AV;Resto;Total;Comercial;;;584462368;1095464;647074;410404457
2016T1;LD Convencional;Total;Total;Comercial;;;1830425455;6876833;2572312;1053771582
2016T1;MD AV;Total;Total;OSP;;;431185884;1435739;1752984;206580964
2016T1;MD Convencional;Total;Total;OSP;;;2092715124;8584269;5443411;505175108
2016T2;Cercanías;Total;Total;OSP;;;5824819424;16609696;106825480;2035255069
2016T2;LD AV;Madrid-Alicante;Renfe Viajeros;Comercial;;;199019072;617014;399042;153321580
2016T2;LD AV;Madrid-Barcelona;Renfe Viajeros;Comercial;;;1301425368;3187669;2084953;992845133
2016T2;LD AV;Madrid-Málaga/Granada;Renfe Viajeros;Comercial;;;373118751;1024184;631520;288773728
2016T2;LD AV;Madrid-Sevilla;Renfe Viajeros;Comercial;;;459974750;1361793;904058;383411478
2016T2;LD AV;Madrid-Valencia;Renfe Viajeros;Comercial;;;300801910;829193;620891;237688484
2016T2;LD AV;Resto;Total;Comercial;;;651703834;1124362;767141;494861247
2016T2;LD Convencional;Total;Total;Comercial;;;1827536507;6889341;2820442;1161494429
2016T2;MD AV;Total;Total;OSP;;;436762812;1459397;1940205;231356947
2016T2;MD Convencional;Total;Total;OSP;;;2101381908;8583607;6094877;557824451
2016T3;Cercanías;Total;Total;OSP;;;5567867412;16473429;92803359;1774859692
2016T3;LD AV;Madrid-Alicante;Renfe Viajeros;Comercial;;;241856696;723656;452660;181806324
2016T3;LD AV;Madrid-Barcelona;Renfe Viajeros;Comercial;;;1147127129;2736989;1821447;867827351
2016T3;LD AV;Madrid-Málaga/Granada;Renfe Viajeros;Comercial;;;384029235;1055895;648362;307139165
2016T3;LD AV;Madrid-Sevilla;Renfe Viajeros;Comercial;;;392958171;1202304;716966;303686591
2016T3;LD AV;Madrid-Valencia;Renfe Viajeros;Comercial;;;258510638;715796;540773;206996836
2016T3;LD AV;Resto;Total;Comercial;;;789796732;1304875;928412;627913587
2016T3;LD Convencional;Total;Total;Comercial;;;1991497121;7290176;3277997;1412274606
2016T3;MD AV;Total;Total;OSP;;;424656691;1461563;1695420;204409862
2016T3;MD Convencional;Total;Total;OSP;;;2132510330;8731586;6153479;617530204
2016T4;Cercanías;Total;Total;OSP;;;5761905089;16827005;108388154;2064432081
2016T4;LD AV;Madrid-Alicante;Renfe Viajeros;Comercial;;;197354708;587340;373379;141908499
2016T4;LD AV;Madrid-Barcelona;Renfe Viajeros;Comercial;;;1298889661;3121429;2019026;946808747
2016T4;LD AV;Madrid-Málaga/Granada;Renfe Viajeros;Comercial;;;373095153;1036833;574854;264413562
2016T4;LD AV;Madrid-Sevilla;Renfe Viajeros;Comercial;;;460152061;1354541;865033;366449901
2016T4;LD AV;Madrid-Valencia;Renfe Viajeros;Comercial;;;298224612;812498;593367;226546049
2016T4;LD AV;Resto;Total;Comercial;;;596948709;1131785;692047;445272935
2016T4;LD Convencional;Total;Total;Comercial;;;1842307196;6959899;2769656;1136961985
2016T4;MD AV;Total;Total;OSP;;;433510721;1447282;1920548;234947695
2016T4;MD Convencional;Total;Total;OSP;;;2090407454;8669562;5626815;530276178
2017T1;Cercanías;Total;Total;OSP;;;5928258015;16995461;107296795;2051892625
2017T1;LD AV;Madrid-Alicante;Renfe Viajeros;Comercial;;;193867080;572168;360739;136613485
2017T1;LD AV;Madrid-Barcelona;Renfe Viajeros;Comercial;;;1288368245;3096645;1960745;921822489
2017T1;LD AV;Madrid-Málaga/Granada;Renfe Viajeros;Comercial;;;346696686;1013037;531912;245667293
2017T1;LD AV;Madrid-Sevilla;Renfe Viajeros;Comercial;;;451624975;1319709;820601;347788710
2017T1;LD AV;Madrid-Valencia;Renfe Viajeros;Comercial;;;306020942;829335;590802;225801098
2017T1;LD AV;Resto;Total;Comercial;;;555333277;1106895;621631;391565218
2017T1;LD Convencional;Total;Total;Comercial;;;1829038953;6937992;2589183;1038619577
2017T1;MD AV;Total;Total;OSP;;;421800427;1452686;1815866;214611200
2017T1;MD Convencional;Total;Total;OSP;;;2045334040;8552251;5355504;495101632
2017T2;Cercanías;Total;Total;OSP;;;5837487670;16906372;107408429;2037340196
2017T2;LD AV;Madrid-Alicante;Renfe Viajeros;Comercial;;;233686058;669066;448245;173658509
2017T2;LD AV;Madrid-Barcelona;Renfe Viajeros;Comercial;;;1367935542;3162071;2228142;1071631621
2017T2;LD AV;Madrid-Málaga/Granada;Renfe Viajeros;Comercial;;;377698815;1149348;673606;311652599
2017T2;LD AV;Madrid-Sevilla;Renfe Viajeros;Comercial;;;480393154;1453123;909090;383140917
2017T2;LD AV;Madrid-Valencia;Renfe Viajeros;Comercial;;;303909813;825406;642522;245820934
2017T2;LD AV;Resto;Total;Comercial;;;665959047;1176274;814444;524723600
2017T2;LD Convencional;Total;Total;Comercial;;;1918045626;7136508;3042463;1253776612
2017T2;MD AV;Total;Total;OSP;;;424911590;1457755;1969101;238148950
2017T2;MD Convencional;Total;Total;OSP;;;2066729013;8599127;6189605;587630072
2017T3;Cercanías;Total;Total;OSP;;;5543454832;16425146;94985366;1804884850
2017T3;LD AV;Madrid-Alicante;Renfe Viajeros;Comercial;;;244365954;717770;452006;180935716
2017T3;LD AV;Madrid-Barcelona;Renfe Viajeros;Comercial;;;1186670377;2707493;1910619;915657098
2017T3;LD AV;Madrid-Málaga/Granada;Renfe Viajeros;Comercial;;;380064258;1129353;665530;314764833
2017T3;LD AV;Madrid-Sevilla;Renfe Viajeros;Comercial;;;402075587;1215486;728121;307834391
2017T3;LD AV;Madrid-Valencia;Renfe Viajeros;Comercial;;;286958827;802068;567722;217398544
2017T3;LD AV;Resto;Total;Comercial;;;765713106;1243741;925444;626482644
2017T3;LD Convencional;Total;Total;Comercial;;;2029427890;7367543;3338638;1427155854
2017T3;MD AV;Total;Total;OSP;;;418198203;1457178;1676069;201815163
2017T3;MD Convencional;Total;Total;OSP;;;2100722972;8690634;6184117;614851675
2017T4;Cercanías;Total;Total;OSP;;;5790793042;16731259;113959314;2153427775
2017T4;LD AV;Madrid-Alicante;Renfe Viajeros;Comercial;;;206823786;603494;391458;149580945
2017T4;LD AV;Madrid-Barcelona;Renfe Viajeros;Comercial;;;1340448742;3112397;2053760;956608595
2017T4;LD AV;Madrid-Málaga/Granada;Renfe Viajeros;Comercial;;;369068407;1082541;605253;279168298
2017T4;LD AV;Madrid-Sevilla;Renfe Viajeros;Comercial;;;465023780;1370698;877131;370816558
2017T4;LD AV;Madrid-Valencia;Renfe Viajeros;Comercial;;;341202172;920700;634384;242571673
2017T4;LD AV;Resto;Total;Comercial;;;601318424;1111818;693779;437655551
2017T4;LD Convencional;Total;Total;Comercial;;;1876454612;6961445;2795842;1132304871
2017T4;MD AV;Total;Total;OSP;;;483184384;1451998;2191819;262869859
2017T4;MD Convencional;Total;Total;OSP;;;2098729217;8624920;5944686;560189336
2018T1;Cercanías;Total;Total;OSP;;110902963;5808314666;16735482;106578410;2014357127
2018T1;LD AV;Madrid-Alicante;Renfe Viajeros;Comercial;;479075;217498382;691322;400765;153502692
2018T1;LD AV;Madrid-Barcelona;Renfe Viajeros;Comercial;;2178714;1262976573;3053523;1834185;909972693
2018T1;LD AV;Madrid-Málaga/Granada;Renfe Viajeros;Comercial;;697073;357598449;1057724;563199;260702116
2018T1;LD AV;Madrid-Sevilla;Renfe Viajeros;Comercial;;988707;465680997;1366518;836357;353576514
2018T1;LD AV;Madrid-Valencia;Renfe Viajeros;Comercial;;864296;343861788;1016171;638226;245625504
2018T1;LD AV;Resto;Total;Comercial;;539994;576718791;1076880;668664;418667569
2018T1;LD Convencional;Total;Total;Comercial;;3434725;1917908833;6993423;2747321;1102729164
2018T1;MD AV;Total;Total;OSP;;3006053;468678541;1442829;2095132;245129748
2018T1;MD Convencional;Total;Total;OSP;;13202983;2047801218;8454987;5480986;513073634
2018T2;Cercanías;Total;Total;OSP;;112473805;5884411135;16948300;116417998;2187820297
2018T2;LD AV;Madrid-Alicante;Renfe Viajeros;Comercial;;505975;229712650;630935;442879;171378533
2018T2;LD AV;Madrid-Barcelona;Renfe Viajeros;Comercial;;2355667;1396093981;3278265;2161962;1091568726
2018T2;LD AV;Madrid-Málaga/Granada;Renfe Viajeros;Comercial;;755139;387386307;1095055;674043;311983523
2018T2;LD AV;Madrid-Sevilla;Renfe Viajeros;Comercial;;1090766;513381375;1439452;982789;413491644
2018T2;LD AV;Madrid-Valencia;Renfe Viajeros;Comercial;;850550;340646123;894335;662091;254426242
2018T2;LD AV;Resto;Total;Comercial;;567406;663811015;1019924;753368;490712229
2018T2;LD Convencional;Total;Total;Comercial;;3596102;2012928749;7286988;3146953;1285455869
2018T2;MD AV;Total;Total;OSP;;3086848;424203195;1475087;2009720;273975670
2018T2;MD Convencional;Total;Total;OSP;;13614997;2090653662;8554276;6276267;583669908
2018T3;Cercanías;Total;Total;OSP;;107852154;5654100794;16109020;99613837;1885518073
2018T3;LD AV;Madrid-Alicante;Renfe Viajeros;Comercial;;519374;235795796;716334;463628;184914525
2018T3;LD AV;Madrid-Barcelona;Renfe Viajeros;Comercial;;1995818;1183710985;2707520;1816330;924464457
2018T3;LD AV;Madrid-Málaga/Granada;Renfe Viajeros;Comercial;;777648;398933424;1139635;688702;326185088
2018T3;LD AV;Madrid-Sevilla;Renfe Viajeros;Comercial;;903206;424979226;1240290;767866;325463025
2018T3;LD AV;Madrid-Valencia;Renfe Viajeros;Comercial;;745977;297262020;819881;584651;224736718
2018T3;LD AV;Resto;Total;Comercial;;632291;822487255;1268283;967357;656808705
2018T3;LD Convencional;Total;Total;Comercial;;3734833;2100474561;7438232;3434834;1451571872
2018T3;MD AV;Total;Total;OSP;;2940664;517487137;1461908;2279776;233302417
2018T3;MD Convencional;Total;Total;OSP;;13334080;2119773622;8603907;6323146;622981593
2018T4;Cercanías;Total;Total;OSP;;110652293;5834952235;16495967;117973137;2230226581
2018T4;LD AV;Madrid-Alicante;Renfe Viajeros;Comercial;;490445;222662030;665132;426530;163890816
2018T4;LD AV;Madrid-Barcelona;Renfe Viajeros;Comercial;;2296585;1336672931;3128465;2057259;1021080470
2018T4;LD AV;Madrid-Málaga/Granada;Renfe Viajeros;Comercial;;772361;396221193;1056477;637295;294158565
2018T4;LD AV;Madrid-Sevilla;Renfe Viajeros;Comercial;;1065734;501959178;1426176;931619;391726431
2018T4;LD AV;Madrid-Valencia;Renfe Viajeros;Comercial;;856979;342198265;946749;646073;247604032
2018T4;LD AV;Resto;Total;Comercial;;574184;604460225;1110859;726493;452057617
2018T4;LD Convencional;Total;Total;Comercial;;3500328;1961455241;6978674;2944592;1193148370
2018T4;MD AV;Total;Total;OSP;;3052349;509327052;1468317;2269077;274811457
2018T4;MD Convencional;Total;Total;OSP;;13264966;2049935615;8392517;6134330;559688840
2019T1;Cercanías;Total;Total;OSP;;112047971;5935923947;16524598;115831948;2190227175
2019T1;LD AV;Madrid-Alicante;Renfe Viajeros;Comercial;;477643;216154850;653973;402112;154094400
2019T1;LD AV;Madrid-Barcelona;Renfe Viajeros;Comercial;;2289512;1320458765;3156919;1989990;982438346
2019T1;LD AV;Madrid-Málaga/Granada;Renfe Viajeros;Comercial;;752487;386025831;1088298;599629;277834890
2019T1;LD AV;Madrid-Sevilla;Renfe Viajeros;Comercial;;1042333;490938843;1402046;880500;371795721
2019T1;LD AV;Madrid-Valencia;Renfe Viajeros;Comercial;;858585;341769323;953576;629123;241488697
2019T1;LD AV;Resto;Total;Comercial;;552701;569199784;1065349;653144;400905236
2019T1;LD Convencional;Total;Total;Comercial;;3420109;1815398611;6889842;2657646;1040699022
2019T1;MD AV;Total;Total;OSP;;3138753;491212237;1467170;2156368;254011771
2019T1;MD Convencional;Total;Total;OSP;;13345643;2027521916;8291610;5459225;483088369
2019T2;Cercanías;Total;Total;OSP;;116645331;6000308257;16756781;113127772;2140222014
2019T2;LD AV;Madrid-Alicante;Renfe Viajeros;Comercial;;492561;222794742;671208;448871;175479262
2019T2;LD AV;Madrid-Barcelona;Renfe Viajeros;Comercial;;2325886;1360571089;3191699;2216496;1113630205
2019T2;LD AV;Madrid-Málaga/Granada;Renfe Viajeros;Comercial;;793161;407483943;1055245;721118;335513646
2019T2;LD AV;Madrid-Sevilla;Renfe Viajeros;Comercial;;1089395;513105045;1426787;992023;415317819
2019T2;LD AV;Madrid-Valencia;Renfe Viajeros;Comercial;;850283;338485058;947854;697542;268141114
2019T2;LD AV;Resto;Total;Comercial;;610034;701068398;1229146;872864;555465905
2019T2;LD Convencional;Total;Total;Comercial;;3602728;1931319131;7289021;3149248;1277590983
2019T2;MD AV;Total;Total;OSP;;3092269;483432467;1482117;2352336;282341064
2019T2;MD Convencional;Total;Total;OSP;;13703316;2060812633;8412143;6345439;565845130
2019T3;Cercanías;Total;Total;OSP;;121547663;5851758406;16116563;96770021;1830296568
2019T3;LD AV;Madrid-Alicante;Renfe Viajeros;Comercial;;535733;242341438;715252;485659;195422624
2019T3;LD AV;Madrid-Barcelona;Renfe Viajeros;Comercial;;2004182;1183331606;2533791;1899395;959711698
2019T3;LD AV;Madrid-Málaga/Granada;Renfe Viajeros;Comercial;;975435;511224159;1415891;850876;407969709
2019T3;LD AV;Madrid-Sevilla;Renfe Viajeros;Comercial;;940853;443141763;1326210;805230;338933105
2019T3;LD AV;Madrid-Valencia;Renfe Viajeros;Comercial;;751332;299982057;830559;644044;248412280
2019T3;LD AV;Resto;Total;Comercial;;609770;800969434;1316637;993221;658276718
2019T3;LD Convencional;Total;Total;Comercial;;3720289;2012110671;7249369;3442941;1450679784
2019T3;MD AV;Total;Total;OSP;;3051966;480804639;1481916;2028674;242855338
2019T3;MD Convencional;Total;Total;OSP;;13495754;2036737000;8254802;6313739;583307908
2019T4;Cercanías;Total;Total;OSP;;120160826;6069115965;16621614;117448712;2207725999
2019T4;LD AV;Madrid-Alicante;Renfe Viajeros;Comercial;;486809;220161526;666332;431889;165584479
2019T4;LD AV;Madrid-Barcelona;Renfe Viajeros;Comercial;;2251180;1339226655;3276591;2048559;1019556365
2019T4;LD AV;Madrid-Málaga/Granada;Renfe Viajeros;Comercial;;965169;505912467;1282803;774050;361643775
2019T4;LD AV;Madrid-Sevilla;Renfe Viajeros;Comercial;;1048629;493904259;1432057;936023;392253333
2019T4;LD AV;Madrid-Valencia;Renfe Viajeros;Comercial;;866970;345070826;963234;700683;269272142
2019T4;LD AV;Resto;Total;Comercial;;627793;646196410;1250821;699781;442025799
2019T4;LD Convencional;Total;Total;Comercial;;3464408;1848140658;7034617;2896078;1153722461
2019T4;MD AV;Total;Total;OSP;;3200687;501279234;1480798;2340053;276492827
2019T4;MD Convencional;Total;Total;OSP;;13644980;2040663355;8374333;6138505;536048717
2020T1;Cercanías;Total;Total;OSP;;102865238;5417275183;16471389;93350777;1734267912
2020T1;LD AV;Madrid-Alicante;Renfe Viajeros;Comercial;;421045;190427998;613757;325137;123958296
2020T1;LD AV;Madrid-Barcelona;Renfe Viajeros;Comercial;;1840584;1109825720;2681438;1507899;753318038
2020T1;LD AV;Madrid-Málaga/Granada;Renfe Viajeros;Comercial;;816305;427293531;1153472;569445;267769269
2020T1;LD AV;Madrid-Sevilla;Renfe Viajeros;Comercial;;889433;418897343;1277082;709035;299608518
2020T1;LD AV;Madrid-Valencia;Renfe Viajeros;Comercial;;764417;303931718;874355;542676;208666886
2020T1;LD AV;Resto;Total;Comercial;;520080;574118830;1112374;518588;329250012
2020T1;LD Convencional;Total;Total;Comercial;;2721164;1464456393;6025249;1985396;794580527
2020T1;MD AV;Total;Total;OSP;;2834711;456300230;1452363;1852122;214082209
2020T1;MD Convencional;Total;Total;OSP;;12163720;1784398663;7854049;4632812;392670546
2020T2;Cercanías;Total;Total;OSP;;54955415;2944198165;13228250;26695556;495642012
2020T2;LD AV;Madrid-Alicante;Renfe Viajeros;Comercial;;80684;36464570;191170;34102;13034618
2020T2;LD AV;Madrid-Barcelona;Renfe Viajeros;Comercial;;179052;116034489;515726;125221;59794797
2020T2;LD AV;Madrid-Málaga/Granada;Renfe Viajeros;Comercial;;102635;53904065;281683;58733;26540125
2020T2;LD AV;Madrid-Sevilla;Renfe Viajeros;Comercial;;88363;41618973;196626;42289;18168925
2020T2;LD AV;Madrid-Valencia;Renfe Viajeros;Comercial;;82504;32021716;155806;22017;8235199
2020T2;LD AV;Resto;Total;Comercial;;77398;63675257;277556;52746;38453048
2020T2;LD Convencional;Total;Total;Comercial;;522790;297261936;1858041;221129;96547022
2020T2;MD AV;Total;Total;OSP;;506178;87045750;499934;137540;22659974
2020T2;MD Convencional;Total;Total;OSP;;3360485;564968787;3582249;917277;84408557
2020T3;Cercanías;Total;Total;OSP;;104046637;5396317387;15211042;56242204;1055054120
2020T3;LD AV;Madrid-Alicante;Renfe Viajeros;Comercial;;334759;151676646;449068;216068;85519836
2020T3;LD AV;Madrid-Barcelona;Renfe Viajeros;Comercial;;821051;507505833;1281420;493257;238115464
2020T3;LD AV;Madrid-Málaga/Granada;Renfe Viajeros;Comercial;;480395;249618930;667699;314638;148697722
2020T3;LD AV;Madrid-Sevilla;Renfe Viajeros;Comercial;;346370;163140270;434131;215506;93518682
2020T3;LD AV;Madrid-Valencia;Renfe Viajeros;Comercial;;452893;175601399;484531;206814;78228876
2020T3;LD AV;Resto;Total;Comercial;;335525;302267359;658561;300951;192074593
2020T3;LD Convencional;Total;Total;Comercial;;1591123;902117934;3223142;1073716;462114899
2020T3;MD AV;Total;Total;OSP;;1607046;274248853;948434;738665;94169542
2020T3;MD Convencional;Total;Total;OSP;;9299334;1506865633;5910869;3033069;291359924
2020T4;Cercanías;Total;Total;OSP;;107105398;5532261101;15377682;62487087;1163121663
2020T4;LD AV;Madrid-Alicante;Renfe Viajeros;Comercial;;372887;169241818;522873;131197;45568807
2020T4;LD AV;Madrid-Barcelona;Renfe Viajeros;Comercial;;1066027;632921778;1636453;488429;221877607
2020T4;LD AV;Madrid-Málaga/Granada;Renfe Viajeros;Comercial;;434880;227738024;710978;183978;83627573
2020T4;LD AV;Madrid-Sevilla;Renfe Viajeros;Comercial;;363943;171417153;473224;171722;72882561
2020T4;LD AV;Madrid-Valencia;Renfe Viajeros;Comercial;;516930;206824846;590958;156687;59050394
2020T4;LD AV;Resto;Total;Comercial;;394845;406532576;663816;215778;123098190
2020T4;LD Convencional;Total;Total;Comercial;;2275748;1181970408;4493997;1002295;378513030
2020T4;MD AV;Total;Total;OSP;;1736070;298699810;1004717;689862;86241757
2020T4;MD Convencional;Total;Total;OSP;;9728001;1534166365;6083723;2746805;234078414
2021T1;Cercanías;Total;Total;OSP;;101379832;5300690486;15148693;59196069;1107618103
2021T1;LD AV;Madrid-Alicante;Renfe Viajeros;Comercial;;425963;194392642;619946;148405;51999668
2021T1;LD AV;Madrid-Barcelona;Renfe Viajeros;Comercial;;944493;594429131;1478171;523205;252881699
2021T1;LD AV;Madrid-Málaga/Granada;Renfe Viajeros;Comercial;;399427;208400916;549827;190449;87764405
2021T1;LD AV;Madrid-Sevilla;Renfe Viajeros;Comercial;;373036;175615988;471428;189116;79133013
2021T1;LD AV;Madrid-Valencia;Renfe Viajeros;Comercial;;502353;201507013;573621;162837;61733844
2021T1;LD AV;Resto;Total;Comercial;;303032;309572613;574725;173556;102065634
2021T1;LD Convencional;Total;Total;Comercial;;1885975;1017073785;3679943;788734;307081984
2021T1;MD AV;Total;Total;OSP;;1672380;289297149;989106;678760;82796307
2021T1;MD Convencional;Total;Total;OSP;;10147703;1536000309;6034475;2477493;207297046
2021T2;Cercanías;Total;Total;OSP;;108553398;5653988380;15805815;71910534;1356066479
2021T2;LD AV;Madrid-Alicante;Renfe Viajeros;Comercial;;514780;235395160;713148;308607;117120044
2021T2;LD AV;Madrid-Barcelona;OUIGO;Comercial;;264680;165319128;324792;248975;138572494
2021T2;LD AV;Madrid-Barcelona;Renfe Viajeros;Comercial;;1109242;696483380;1646079;874648;424432634
2021T2;LD AV;Madrid-Málaga/Granada;Renfe Viajeros;Comercial;;490991;255550513;641530;383959;179162220
2021T2;LD AV;Madrid-Sevilla;Renfe Viajeros;Comercial;;447364;210708444;521880;356478;151736516
2021T2;LD AV;Madrid-Valencia;Renfe Viajeros;Comercial;;529281;212508712;607317;315478;120694609
2021T2;LD AV;Resto;Total;Comercial;;341006;356223826;621514;304288;181995530
2021T2;LD Convencional;Total;Total;Comercial;;2032509;1094347906;3976649;1389659;552274139
2021T2;MD AV;Total;Total;OSP;;1928370;333083971;1135718;983484;125029620
2021T2;MD Convencional;Total;Total;OSP;;10674096;1640901239;6402434;3576023;321851094
2021T3;Cercanías;Total;Total;OSP;;113268393;5279028790;15207418;69059916;1315013560
2021T3;LD AV;Madrid-Alicante;Renfe Viajeros;Comercial;;694000;316659424;880740;525111;211694985
2021T3;LD AV;Madrid-Barcelona;OUIGO;Comercial;;468280;292487688;574632;467173;260891298
2021T3;LD AV;Madrid-Barcelona;Renfe Viajeros;Comercial;;1388002;879360707;2018207;1360617;674991416
2021T3;LD AV;Madrid-Málaga/Granada;Renfe Viajeros;Comercial;;755951;391526347;999237;637909;305009689
2021T3;LD AV;Madrid-Sevilla;Renfe Viajeros;Comercial;;537166;253005186;672282;449244;198405607
2021T3;LD AV;Madrid-Valencia;Renfe Viajeros;Comercial;;526124;209073818;623333;424736;162879422
2021T3;LD AV;Resto;Total;Comercial;;833363;491365857;683326;564607;358239086
2021T3;LD Convencional;Total;Total;Comercial;;2527249;1324800933;4816284;2262538;944506482
2021T3;MD AV;Total;Total;OSP;;2282604;395199488;1351204;1254703;159369691
2021T3;MD Convencional;Total;Total;OSP;;11450182;1767121173;7009390;4614019;446948723
2021T4;Cercanías;Total;Total;OSP;;102893372;5422409880;15048695;83924278;1612348817
2021T4;LD AV;Madrid-Alicante;Renfe Viajeros;Comercial;;660267;301661599;877286;469681;179832564
2021T4;LD AV;Madrid-Barcelona;OUIGO;Comercial;;472352;295040832;579648;457722;257377013
2021T4;LD AV;Madrid-Barcelona;Renfe Viajeros;Comercial;;1671707;1058550811;2347926;1679631;828483846
2021T4;LD AV;Madrid-Málaga/Granada;Renfe Viajeros;Comercial;;754529;393626792;935886;638074;296876712
2021T4;LD AV;Madrid-Sevilla;Renfe Viajeros;Comercial;;724587;341033685;863400;631684;276869141
2021T4;LD AV;Madrid-Valencia;Renfe Viajeros;Comercial;;635606;254282751;713168;508913;195523963
2021T4;LD AV;Resto;Total;Comercial;;596834;490594388;676418;493861;307433980
2021T4;LD Convencional;Total;Total;Comercial;;2441716;1271708611;4026442;2091766;829699704
2021T4;MD AV;Total;Total;OSP;;2422765;407544192;1383925;1609919;198278205
2021T4;MD Convencional;Total;Total;OSP;;11590361;1753905638;7000037;4744181;435666192
2022T1;Cercanías;Total;Total;OSP;;105172292;5564754953;15364830;84035872;1592310336
2022T1;LD AV;Madrid-Alicante;Renfe Viajeros;Comercial;;655900;302708030;921731;422247;160425958
2022T1;LD AV;Madrid-Barcelona;OUIGO;Comercial;;466244;291229440;564660;459932;257151148
2022T1;LD AV;Madrid-Barcelona;Renfe Viajeros;Comercial;;1671821;1053946071;2462069;1519918;752285140
2022T1;LD AV;Madrid-Málaga/Granada;Renfe Viajeros;Comercial;;751230;392483635;952545;564669;263577649
2022T1;LD AV;Madrid-Sevilla;Renfe Viajeros;Comercial;;731832;344692872;887677;548754;241180702
2022T1;LD AV;Madrid-Valencia;Renfe Viajeros;Comercial;;731944;292269993;848450;500646;191709471
2022T1;LD AV;Resto;Total;Comercial;;619326;481449835;778242;469995;284573077
2022T1;LD Convencional;Total;Total;Comercial;;2604748;1307708172;4647075;1843642;727692400
2022T1;MD AV;Total;Total;OSP;;2632136;441069440;1476850;1541924;188588368
2022T1;MD Convencional;Total;Total;OSP;;12073771;1791507855;7184369;4310421;391001290
2022T2;Cercanías;Total;Total;OSP;;106111167;5601678121;15457942;92179553;1750014519
2022T2;LD AV;Madrid-Alicante;Renfe Viajeros;Comercial;;731790;340977954;966921;578063;227449145
2022T2;LD AV;Madrid-Barcelona;OUIGO;Comercial;;618435;386384445;567765;608365;344671513
2022T2;LD AV;Madrid-Barcelona;Renfe Viajeros;Comercial;;1919929;1207805369;2538084;2051267;1020686407
2022T2;LD AV;Madrid-Málaga/Granada;Renfe Viajeros;Comercial;;856836;449681268;1048564;811635;375970815
2022T2;LD AV;Madrid-Sevilla;Renfe Viajeros;Comercial;;866071;407919441;918281;801991;351254755
2022T2;LD AV;Madrid-Valencia;Renfe Viajeros;Comercial;;847592;339030785;936264;708444;271187440
2022T2;LD AV;Resto;Total;Comercial;;694866;586350837;920667;702180;438076428
2022T2;LD Convencional;Total;Total;Comercial;;2844220;1396024794;4847264;2508561;1000310588
2022T2;MD AV;Total;Total;OSP;;2977908;494311370;1687387;2123938;265382003
2022T2;MD Convencional;Total;Total;OSP;;12548985;1895692569;7617984;5663753;539872572
2022T3;Cercanías;Total;Total;OSP;;106948197;5659713823;15511095;87111087;1656276816
2022T3;LD AV;Madrid-Alicante;Renfe Viajeros;Comercial;;733614;339445279;990013;575393;236327213
2022T3;LD AV;Madrid-Barcelona;OUIGO;Comercial;;841377;525656007;660744;797537;448094581
2022T3;LD AV;Madrid-Barcelona;Renfe Viajeros;Comercial;;1787486;1122460079;2331075;1917371;953952543
2022T3;LD AV;Madrid-Málaga/Granada;Renfe Viajeros;Comercial;;1029881;538206078;1124212;861196;411972354
2022T3;LD AV;Madrid-Sevilla;Renfe Viajeros;Comercial;;828609;390274839;1014069;714433;311662753
2022T3;LD AV;Madrid-Valencia;Renfe Viajeros;Comercial;;848578;341948270;909495;716050;273218958
2022T3;LD AV;Resto;Total;Comercial;;823129;700293130;992805;780233;512831810
2022T3;LD Convencional;Total;Total;Comercial;;3008227;1503235786;5324733;2808089;1129022873
2022T3;MD AV;Total;Total;OSP;;3157196;526297277;1767857;2089208;260636721
2022T3;MD Convencional;Total;Total;OSP;;12907577;1944444275;7664406;6520333;671638603
2022T4;Cercanías;Total;Total;OSP;;111440041;5843907136;15759348;109598953;2074255973
2022T4;LD AV;Madrid-Alicante;Renfe Viajeros;Comercial;;724556;336832646;1009731;502959;205543473
2022T4;LD AV;Madrid-Barcelona;Iryo;Comercial;;234918;147058668;349308;119667;68667453
2022T4;LD AV;Madrid-Barcelona;OUIGO;Comercial;;839850;524771874;570870;843008;475097327
2022T4;LD AV;Madrid-Barcelona;Renfe Viajeros;Comercial;;1974136;1227731692;2717202;1928312;941794468
2022T4;LD AV;Madrid-Málaga/Granada;Renfe Viajeros;Comercial;;882869;463023162;1107436;766308;354542195
2022T4;LD AV;Madrid-Sevilla;Renfe Viajeros;Comercial;;845767;398355489;1053967;745094;324064558
2022T4;LD AV;Madrid-Valencia;Iryo;Comercial;;25260;9876660;23460;7602;2882757
2022T4;LD AV;Madrid-Valencia;OUIGO;Comercial;;559391;222637618;339892;368629;146714342
2022T4;LD AV;Madrid-Valencia;Renfe Viajeros;Comercial;;907735;362867934;972943;646445;244934014
2022T4;LD AV;Resto;Total;Comercial;;757533;564636496;1154591;682891;399293817
2022T4;LD Convencional;Total;Total;Comercial;;2898487;1460638485;5335779;2341510;918861509
2022T4;MD AV;Total;Total;OSP;;3538886;593263918;1831396;2809535;357686261
2022T4;MD Convencional;Total;Total;OSP;;13629435;2019178891;7808477;9379095;996405851
2023T1;Cercanías;Total;Total;OSP;;117939161;5826233100;15846837;110598158;1978653413
2023T1;LD AV;Madrid-Alicante;Renfe Viajeros;Comercial;;791484;368787756;1129797;506495;212610494
2023T1;LD AV;Madrid-Barcelona;Iryo;Comercial;;838840;525113840;1236976;544391;300351868
2023T1;LD AV;Madrid-Barcelona;OUIGO;Comercial;;790986;493847070;560886;712748;398945618
2023T1;LD AV;Madrid-Barcelona;Renfe Viajeros;Comercial;;1989396;1216683440;2811638;1869892;899547340
2023T1;LD AV;Madrid-Barcelona;Total;Comercial;116962273;;;;;
2023T1;LD AV;Madrid-Málaga/Granada;Iryo;Comercial;;1748;900220;2060;1455;697612
2023T1;LD AV;Madrid-Málaga/Granada;Renfe Viajeros;Comercial;;933643;486976877;1158149;740298;340500727
2023T1;LD AV;Madrid-Sevilla;Iryo;Comercial;;1748;826804;1892;1443;641233
2023T1;LD AV;Madrid-Sevilla;Renfe Viajeros;Comercial;;852322;396662203;1096270;747411;320906475
2023T1;LD AV;Madrid-Valencia;Iryo;Comercial;;286698;112098918;263534;144874;56011971
2023T1;LD AV;Madrid-Valencia;OUIGO;Comercial;;363935;144846130;237606;273713;108937774
2023T1;LD AV;Madrid-Valencia;Renfe Viajeros;Comercial;;920158;367162300;1017258;665213;251354384
2023T1;LD AV;Madrid-Valencia;Total;Comercial;30470686;;;;;
2023T1;LD AV;Resto;Total;Comercial;;630797;409194009;1078023;490883;267179685
2023T1;LD Convencional;Total;Total;Comercial;;2763942;1412406481;5237462;2107470;826272175
2023T1;MD AV;Total;Total;OSP;;3967414;645939680;1978491;2838703;363247568
2023T1;MD Convencional;Total;Total;OSP;;13685137;1996731254;7806082;7904290;822812825
2023T2;Cercanías;Total;Total;OSP;;117190276;5748330454;15743317;110238754;1995311228
2023T2;LD AV;Madrid-Alicante;Iryo;Comercial;;50692;24332160;55680;28225;12806334
2023T2;LD AV;Madrid-Alicante;OUIGO;Comercial;;227523;110803701;126133;152003;70117186
2023T2;LD AV;Madrid-Alicante;Renfe Viajeros;Comercial;;911733;415519784;1275262;582571;249068603
2023T2;LD AV;Madrid-Barcelona;Iryo;Comercial;;1045304;654360304;1497392;865762;486507078
2023T2;LD AV;Madrid-Barcelona;OUIGO;Comercial;;750266;468450006;567144;742865;415097460
2023T2;LD AV;Madrid-Barcelona;Renfe Viajeros;Comercial;;2063167;1260015261;2887738;2059770;1008228191
2023T2;LD AV;Madrid-Barcelona;Total;Comercial;151260834;;;;;
2023T2;LD AV;Madrid-Málaga/Granada;Iryo;Comercial;;236854;121979810;279130;190753;89965647
2023T2;LD AV;Madrid-Málaga/Granada;Renfe Viajeros;Comercial;;977641;509011883;1202398;848487;387127698
2023T2;LD AV;Madrid-Sevilla;Iryo;Comercial;;322506;152545338;349074;261971;116115972
2023T2;LD AV;Madrid-Sevilla;Renfe Viajeros;Comercial;;874309;406061143;1081428;810740;343957905
2023T2;LD AV;Madrid-Valencia;Iryo;Comercial;;554116;216659356;495788;329798;127385636
2023T2;LD AV;Madrid-Valencia;OUIGO;Comercial;;434686;173005028;233228;332367;132282066
2023T2;LD AV;Madrid-Valencia;Renfe Viajeros;Comercial;;911936;362148739;1027318;653585;248833789
2023T2;LD AV;Madrid-Valencia;Total;Comercial;36545957;;;;;
2023T2;LD AV;Resto;Total;Comercial;;666930;423103992;1160682;612566;325991319
2023T2;LD Convencional;Total;Total;Comercial;;2764205;1395716372;5223611;2434482;975077617
2023T2;MD AV;Total;Total;OSP;;4020079;667314576;2000229;3329309;436821315
2023T2;MD Convencional;Total;Total;OSP;;13810754;2039244393;7955395;8822749;917513199
2023T3;Cercanías;Total;Total;OSP;;119096701;5534846281;15320684;105405473;1919592128
2023T3;LD AV;Madrid-Alicante;Iryo;Comercial;;147328;70717440;153600;90733;41957042
2023T3;LD AV;Madrid-Alicante;OUIGO;Comercial;;329832;160628184;179216;247125;114633586
2023T3;LD AV;Madrid-Alicante;Renfe Viajeros;Comercial;;937068;439563204;1289049;618149;267359923
2023T3;LD AV;Madrid-Barcelona;Iryo;Comercial;;973959;609698334;1323990;731346;413170328
2023T3;LD AV;Madrid-Barcelona;OUIGO;Comercial;;671880;419534088;574632;643721;353461865
2023T3;LD AV;Madrid-Barcelona;Renfe Viajeros;Comercial;;1950889;1199371129;2792616;2005274;985426292
2023T3;LD AV;Madrid-Barcelona;Total;Comercial;128481556;;;;;
2023T3;LD AV;Madrid-Málaga/Granada;Iryo;Comercial;;405200;208678000;453200;290348;141236505
2023T3;LD AV;Madrid-Málaga/Granada;Renfe Viajeros;Comercial;;988265;514982803;1160082;824371;388746794
2023T3;LD AV;Madrid-Sevilla;Iryo;Comercial;;458119;216690287;470635;308483;137748659
2023T3;LD AV;Madrid-Sevilla;Renfe Viajeros;Comercial;;768891;357582709;981322;674555;289379740
2023T3;LD AV;Madrid-Valencia;Iryo;Comercial;;645650;252449150;548182;399989;154839506
2023T3;LD AV;Madrid-Valencia;OUIGO;Comercial;;394984;157203632;217308;307909;122547782
2023T3;LD AV;Madrid-Valencia;Renfe Viajeros;Comercial;;962217;384212786;1032368;699004;266605833
2023T3;LD AV;Madrid-Valencia;Total;Comercial;35979948;;;;;
2023T3;LD AV;Resto;Total;Comercial;;807838;508348956;1114471;784768;386871640
2023T3;LD Convencional;Total;Total;Comercial;;2814111;1452168700;5191050;2653784;1079294993
2023T3;MD AV;Total;Total;OSP;;3930739;646520670;1979228;2916884;387862954
2023T3;MD Convencional;Total;Total;OSP;;14351613;2041216319;8108235;11457720;1445706428
2023T4;Cercanías;Total;Total;OSP;;118556715;5595209997;15416801;115753499;2038430931
2023T4;LD AV;Madrid-Alicante;Iryo;Comercial;;35036;16817280;36480;24322;11015506
2023T4;LD AV;Madrid-Alicante;OUIGO;Comercial;;207672;101136264;196748;161030;73517907
2023T4;LD AV;Madrid-Alicante;Renfe Viajeros;Comercial;;904747;422121637;1176893;584468;248993361
2023T4;LD AV;Madrid-Barcelona;Iryo;Comercial;;1161863;732838902;1589831;883263;505241632
2023T4;LD AV;Madrid-Barcelona;OUIGO;Comercial;;711073;443976777;570870;677140;380027829
2023T4;LD AV;Madrid-Barcelona;Renfe Viajeros;Comercial;;1995470;1224206353;2953324;2058500;974904893
2023T4;LD AV;Madrid-Barcelona;Total;Comercial;141930145;;;;;
2023T4;LD AV;Madrid-Málaga/Granada;Iryo;Comercial;;356814;183759210;398610;252317;120023380
2023T4;LD AV;Madrid-Málaga/Granada;Renfe Viajeros;Comercial;;965866;502282349;1249266;804893;366505966
2023T4;LD AV;Madrid-Sevilla;Iryo;Comercial;;487224;234323326;508392;337284;150827341
2023T4;LD AV;Madrid-Sevilla;Renfe Viajeros;Comercial;;941562;436797429;1230326;775366;326537924
2023T4;LD AV;Madrid-Valencia;Iryo;Comercial;;610364;238652324;517684;352749;136918771
2023T4;LD AV;Madrid-Valencia;OUIGO;Comercial;;368516;146669368;250740;292565;116440870
2023T4;LD AV;Madrid-Valencia;Renfe Viajeros;Comercial;;938409;373845746;1116555;662438;252534964
2023T4;LD AV;Madrid-Valencia;Total;Comercial;35969727;;;;;
2023T4;LD AV;Resto;Total;Comercial;;844491;629815432;1267816;750588;421732457
2023T4;LD Convencional;Total;Total;Comercial;;2728326;1414972712;5225597;2340716;927407092
2023T4;MD AV;Total;Total;OSP;;4043100;672985670;1992260;3522919;454873218
2023T4;MD Convencional;Total;Total;OSP;;14200217;2041455174;8122756;9629776;1014108289
2024T1;Cercanías;Total;Total;OSP;;110331152;5701555719;15759590;111626604;2004000646
2024T1;LD AV;Madrid-Alicante;Iryo;Comercial;;43334;21103658;45778;30454;14151922
2024T1;LD AV;Madrid-Alicante;OUIGO;Comercial;;277393;135090391;265415;232214;105351896
2024T1;LD AV;Madrid-Alicante;Renfe Viajeros;Comercial;;911140;430047451;1307658;573881;243801091
2024T1;LD AV;Madrid-Barcelona;Iryo;Comercial;;989520;637839039;1383599;791234;453631314
2024T1;LD AV;Madrid-Barcelona;OUIGO;Comercial;;670765;418896141;539181;634119;358055817
2024T1;LD AV;Madrid-Barcelona;Renfe Viajeros;Comercial;;1957132;1203600693;2934559;1982607;928176609
2024T1;LD AV;Madrid-Barcelona;Total;Comercial;130649154;;;;;
2024T1;LD AV;Madrid-Málaga/Granada;Iryo;Comercial;;418588;214317056;464896;291389;137440752
2024T1;LD AV;Madrid-Málaga/Granada;Renfe Viajeros;Comercial;;974688;505732106;1268268;797874;356648400
2024T1;LD AV;Madrid-Sevilla;Iryo;Comercial;;429638;221304294;480053;317391;142046504
2024T1;LD AV;Madrid-Sevilla;Renfe Viajeros;Comercial;;961797;447081989;1260120;808133;338401511
2024T1;LD AV;Madrid-Valencia;Iryo;Comercial;;609903;242741394;526554;376912;149171992
2024T1;LD AV;Madrid-Valencia;OUIGO;Comercial;;470243;187156714;361384;359832;143213136
2024T1;LD AV;Madrid-Valencia;Renfe Viajeros;Comercial;;916406;365460564;1019637;625653;236611246
2024T1;LD AV;Madrid-Valencia;Total;Comercial;32869768;;;;;
2024T1;LD AV;Resto;Total;Comercial;;898084;699993702;1375489;771237;445005483
2024T1;LD Convencional;Total;Total;Comercial;;2707079;1379547903;5219023;2220470;878377694
2024T1;MD AV;Total;Total;OSP;;4061837;679764793;1993910;3145453;405680121
2024T1;MD Convencional;Total;Total;OSP;;14371321;2058726781;8164184;8636994;900886561
2024T2;Cercanías;Total;Total;OSP;;110568846;5631649082;15280471;115403181;2062799887
2024T2;LD AV;Madrid-Alicante;Iryo;Comercial;;77448;37717176;81816;55072;25946405
2024T2;LD AV;Madrid-Alicante;OUIGO;Comercial;;240894;128716034;253712;235802;106321717
2024T2;LD AV;Madrid-Alicante;Renfe Viajeros;Comercial;;870031;413465007;1216160;650411;275880556
2024T2;LD AV;Madrid-Barcelona;Iryo;Comercial;;1000918;648397098;1406501;923182;536150392
2024T2;LD AV;Madrid-Barcelona;OUIGO;Comercial;;659667;411910329;565890;633083;363652017
2024T2;LD AV;Madrid-Barcelona;Renfe Viajeros;Comercial;;2109322;1300052657;3053638;2321630;1090558123
2024T2;LD AV;Madrid-Barcelona;Total;Comercial;161646097;;;;;
2024T2;LD AV;Madrid-Málaga/Granada;Iryo;Comercial;;503412;257746944;559104;375216;174900472
2024T2;LD AV;Madrid-Málaga/Granada;Renfe Viajeros;Comercial;;1027825;530525992;1302387;953116;415588164
2024T2;LD AV;Madrid-Sevilla;Iryo;Comercial;;436907;224661418;487335;381468;169356663
2024T2;LD AV;Madrid-Sevilla;Renfe Viajeros;Comercial;;1003498;465653242;1282515;969978;399247150
2024T2;LD AV;Madrid-Valencia;Iryo;Comercial;;461000;183478000;398000;345179;136613629
2024T2;LD AV;Madrid-Valencia;OUIGO;Comercial;;466441;185643518;326360;390149;154754821
2024T2;LD AV;Madrid-Valencia;Renfe Viajeros;Comercial;;953256;383373034;944924;765966;291943782
2024T2;LD AV;Madrid-Valencia;Total;Comercial;41591113;;;;;
2024T2;LD AV;Resto;Total;Comercial;;1294977;833115478;1676594;1270747;646672621
2024T2;LD Convencional;Total;Total;Comercial;;2560253;1307953941;4767880;2384379;936568149
2024T2;MD AV;Total;Total;OSP;;4148916;690979155;1993692;3506626;450082862
2024T2;MD Convencional;Total;Total;OSP;;14660355;2068063788;8095374;10154602;1107993606
2024T3;Cercanías;Total;Total;OSP;;110988360;5445809433;14930189;102865368;1828749910
2024T3;LD AV;Madrid-Alicante;Iryo;Comercial;;146598;71393226;154866;107709;51319129
2024T3;LD AV;Madrid-Alicante;OUIGO;Comercial;;306884;160097954;317484;280135;127786092
2024T3;LD AV;Madrid-Alicante;Renfe Viajeros;Comercial;;987520;451793257;1299907;796982;340836194
2024T3;LD AV;Madrid-Barcelona;Iryo;Comercial;;879414;577966567;1253724;817759;476220974
2024T3;LD AV;Madrid-Barcelona;OUIGO;Comercial;;541015;337927707;562212;537783;308009664
2024T3;LD AV;Madrid-Barcelona;Renfe Viajeros;Comercial;;1993890;1225470612;2680884;2197398;1024492602
2024T3;LD AV;Madrid-Barcelona;Total;Comercial;141283632;;;;;
2024T3;LD AV;Madrid-Málaga/Granada;Iryo;Comercial;;487738;249721856;541696;368720;182771008
2024T3;LD AV;Madrid-Málaga/Granada;Renfe Viajeros;Comercial;;1130439;584006572;1363530;1031325;467205177
2024T3;LD AV;Madrid-Sevilla;Iryo;Comercial;;407980;213871810;463930;336020;150759996
2024T3;LD AV;Madrid-Sevilla;Renfe Viajeros;Comercial;;908372;421567830;1179730;857764;353656768
2024T3;LD AV;Madrid-Valencia;Iryo;Comercial;;595612;237053576;514216;373267;147918351
2024T3;LD AV;Madrid-Valencia;OUIGO;Comercial;;466536;185681328;357802;392433;154940014
2024T3;LD AV;Madrid-Valencia;Renfe Viajeros;Comercial;;1021025;411094288;1032705;852823;327906461
2024T3;LD AV;Madrid-Valencia;Total;Comercial;44391509;;;;;
2024T3;LD AV;Resto;Total;Comercial;;1766032;1028968459;2106062;1729990;844118815
2024T3;LD Convencional;Total;Total;Comercial;;2628376;1326285001;4800643;2578384;1027433529
2024T3;MD AV;Total;Total;OSP;;4147418;678752344;2027086;3474432;431080897
2024T3;MD Convencional;Total;Total;OSP;;14083941;2063619389;8192223;11514779;1209426601
2024T4;Cercanías;Total;Total;OSP;;109798104;5479236532;14837302;118217647;2098359233
2024T4;LD AV;Madrid-Alicante;Iryo;Comercial;;35958;17511546;37986;22891;10656352
2024T4;LD AV;Madrid-Alicante;OUIGO;Comercial;;415688;215740227;424405;335400;152103120
2024T4;LD AV;Madrid-Alicante;Renfe Viajeros;Comercial;;915723;439623020;1235088;664395;280753034
2024T4;LD AV;Madrid-Barcelona;Iryo;Comercial;;1004935;661159101;1434185;924954;538578674
2024T4;LD AV;Madrid-Barcelona;OUIGO;Comercial;;576774;360221526;570870;561526;321454740
2024T4;LD AV;Madrid-Barcelona;Renfe Viajeros;Comercial;;2227522;1369264680;3008419;2282667;1045985918
2024T4;LD AV;Madrid-Barcelona;Total;Comercial;163811438;;;;;
2024T4;LD AV;Madrid-Málaga/Granada;Iryo;Comercial;;434195;224285360;486519;319204;152404690
2024T4;LD AV;Madrid-Málaga/Granada;Renfe Viajeros;Comercial;;1029696;532834710;1294338;923854;402225465
2024T4;LD AV;Madrid-Sevilla;Iryo;Comercial;;437509;229542428;497922;367701;164732711
2024T4;LD AV;Madrid-Sevilla;Renfe Viajeros;Comercial;;1008775;468593047;1299143;956114;386611732
2024T4;LD AV;Madrid-Valencia;Iryo;Comercial;;478057;190266686;412726;266950;105672888
2024T4;LD AV;Madrid-Valencia;OUIGO;Comercial;;375679;151880225;298749;285654;112589923
2024T4;LD AV;Madrid-Valencia;Renfe Viajeros;Comercial;;892173;360469431;849616;604816;228901006
2024T4;LD AV;Madrid-Valencia;Total;Comercial;28303827;;;;;
2024T4;LD AV;Resto;Total;Comercial;;1688004;1058966652;2118905;1588447;768181051
2024T4;LD Convencional;Total;Total;Comercial;;2543608;1285533008;4488560;2043443;791890329
2024T4;MD AV;Total;Total;OSP;;4387465;742447010;2036467;3149701;429225391
2024T4;MD Convencional;Total;Total;OSP;;14055634;2001217241;8120340;8506233;1083480348
2025T1;Cercanías;Total;Total;OSP;;110293466;5648907695;15163417;114135443;1730597115
2025T1;LD AV;Madrid-Alicante;Iryo;Comercial;;35958;17511546;37986;24112;11227291
2025T1;LD AV;Madrid-Alicante;OUIGO;Comercial;;402527;219412062;431187;350782;160417402
2025T1;LD AV;Madrid-Alicante;Renfe Viajeros;Comercial;;884608;414341625;1193200;601848;252772059
2025T1;LD AV;Madrid-Barcelona;Iryo;Comercial;;945363;637918955;1383772;859446;493462317
2025T1;LD AV;Madrid-Barcelona;OUIGO;Comercial;;552748;331278612;533562;537956;307018011
2025T1;LD AV;Madrid-Barcelona;Renfe Viajeros;Comercial;;2129172;1311901854;2880717;2147544;982831417
2025T1;LD AV;Madrid-Barcelona;Total;Comercial;136584809;;;;;
2025T1;LD AV;Madrid-Málaga/Granada;Iryo;Comercial;;360163;197650939;428744;261907;123372670
2025T1;LD AV;Madrid-Málaga/Granada;OUIGO;Comercial;;152575;78118400;153600;110493;49887459
2025T1;LD AV;Madrid-Málaga/Granada;Renfe Viajeros;Comercial;;1066910;551720638;1370738;874428;382449092
2025T1;LD AV;Madrid-Sevilla;Iryo;Comercial;;428123;222613316;482892;338155;147630532
2025T1;LD AV;Madrid-Sevilla;OUIGO;Comercial;;218777;102825190;202100;157864;66462431
2025T1;LD AV;Madrid-Sevilla;Renfe Viajeros;Comercial;;1050937;488098578;1311007;893120;364565608
2025T1;LD AV;Madrid-Sevilla;Total;Comercial;47199779;;;;;
2025T1;LD AV;Madrid-Valencia;Iryo;Comercial;;601605;239438790;519390;343926;136051584
2025T1;LD AV;Madrid-Valencia;OUIGO;Comercial;;417555;179579133;352913;356497;141236797
2025T1;LD AV;Madrid-Valencia;Renfe Viajeros;Comercial;;1052055;419284114;1031725;701512;265866498
2025T1;LD AV;Madrid-Valencia;Total;Comercial;33823888;;;;;
2025T1;LD AV;Resto;Total;Comercial;;1828283;1149839367;2316525;1632675;777224671
2025T1;LD Convencional;Total;Total;Comercial;;2434506;1237885350;4463755;1901960;733403429
2025T1;MD AV;Total;Total;OSP;;4204441;682022772;2046550;3357195;431042382
2025T1;MD Convencional;Total;Total;OSP;;14380971;1990882644;8015502;8171558;860900639
2025T2;Cercanías;Total;Total;OSP;;108468667;5541082890;14921079;118087578;1780433416
2025T2;LD AV;Madrid-Alicante;Iryo;Comercial;;85746;41758302;90582;57119;26978376
2025T2;LD AV;Madrid-Alicante;OUIGO;Comercial;;415149;222596304;440602;364654;168351357
2025T2;LD AV;Madrid-Alicante;Renfe Viajeros;Comercial;;955525;446880593;1266081;724990;306888398
2025T2;LD AV;Madrid-Barcelona;Iryo;Comercial;;948250;624818568;1355355;914408;518039793
2025T2;LD AV;Madrid-Barcelona;OUIGO;Comercial;;622203;366908724;524856;615726;355654698
2025T2;LD AV;Madrid-Barcelona;Renfe Viajeros;Comercial;;2156762;1334660936;2843689;2414745;1132727216
2025T2;LD AV;Madrid-Barcelona;Total;Comercial;182504646;;;;;
2025T2;LD AV;Madrid-Málaga/Granada;Iryo;Comercial;;367543;197771466;429005;302096;142253252
2025T2;LD AV;Madrid-Málaga/Granada;OUIGO;Comercial;;180747;92542464;187392;169782;76279983
2025T2;LD AV;Madrid-Málaga/Granada;Renfe Viajeros;Comercial;;1110031;572675127;1383662;1036027;458499252
2025T2;LD AV;Madrid-Málaga/Granada;Total;Comercial;57633626;;;;;
2025T2;LD AV;Madrid-Sevilla;Iryo;Comercial;;446631;223632168;485102;371530;158469893
2025T2;LD AV;Madrid-Sevilla;OUIGO;Comercial;;267908;125816760;254740;231565;96903170
2025T2;LD AV;Madrid-Sevilla;Renfe Viajeros;Comercial;;1104463;513069272;1294868;1030097;421189119
2025T2;LD AV;Madrid-Sevilla;Total;Comercial;63535441;;;;;
2025T2;LD AV;Madrid-Valencia;Iryo;Comercial;;622811;247878778;537698;437129;173092555
2025T2;LD AV;Madrid-Valencia;OUIGO;Comercial;;413216;175645687;348643;367010;145444296
2025T2;LD AV;Madrid-Valencia;Renfe Viajeros;Comercial;;1097271;438045191;1053968;808062;307262529
2025T2;LD AV;Madrid-Valencia;Total;Comercial;43663449;;;;;
2025T2;LD AV;Resto;Total;Comercial;;1984749;1275503964;2521620;1991901;980177532
2025T2;LD Convencional;Total;Total;Comercial;;2520021;1275539810;4505460;2281601;887576931
2025T2;MD AV;Total;Total;OSP;;4269331;690665226;2065463;3455884;443713154
2025T2;MD Convencional;Total;Total;OSP;;14208335;1953228293;7686092;9280097;968388753
2025T3;Cercanías;Total;Total;OSP;;114349606;5370669973;14742537;98623433;1506139285
2025T3;LD AV;Madrid-Alicante;Iryo;Comercial;;145676;70944212;153892;113201;54178093
2025T3;LD AV;Madrid-Alicante;OUIGO;Comercial;;408790;220865967;453269;388896;180732194
2025T3;LD AV;Madrid-Alicante;Renfe Viajeros;Comercial;;985078;464413429;1323420;788250;336023679
2025T3;LD AV;Madrid-Barcelona;Iryo;Comercial;;868139;582574396;1263719;778999;446067810
2025T3;LD AV;Madrid-Barcelona;OUIGO;Comercial;;547603;342130323;573648;553895;322272579
2025T3;LD AV;Madrid-Barcelona;Renfe Viajeros;Comercial;;1936144;1195417078;2585052;2211009;1017998928
2025T3;LD AV;Madrid-Barcelona;Total;Comercial;159498393;;;;;
2025T3;LD AV;Madrid-Málaga/Granada;Iryo;Comercial;;453149;241155468;523114;363648;176855122
2025T3;LD AV;Madrid-Málaga/Granada;OUIGO;Comercial;;270244;138364928;314368;248698;114905840
2025T3;LD AV;Madrid-Málaga/Granada;Renfe Viajeros;Comercial;;1189805;614727542;1482769;1035730;465998716
2025T3;LD AV;Madrid-Málaga/Granada;Total;Comercial;56693532;;;;;
2025T3;LD AV;Madrid-Sevilla;Iryo;Comercial;;382226;199241381;432194;319356;140486030
2025T3;LD AV;Madrid-Sevilla;OUIGO;Comercial;;201153;94541910;218080;165524;70170111
2025T3;LD AV;Madrid-Sevilla;Renfe Viajeros;Comercial;;963153;446312995;1170566;865986;356997206
2025T3;LD AV;Madrid-Sevilla;Total;Comercial;44281562;;;;;
2025T3;LD AV;Madrid-Valencia;Iryo;Comercial;;639868;254667464;552424;459865;182082039
2025T3;LD AV;Madrid-Valencia;OUIGO;Comercial;;416585;179563203;360759;394398;156249922
2025T3;LD AV;Madrid-Valencia;Renfe Viajeros;Comercial;;1068368;434109866;1055311;840451;321602502
2025T3;LD AV;Madrid-Valencia;Total;Comercial;46233003;;;;;
2025T3;LD AV;Resto;Total;Comercial;;2207338;1406642342;2682459;2266329;1126540758
2025T3;LD Convencional;Total;Total;Comercial;;2577808;1308300727;4515948;2509903;976286193
2025T3;MD AV;Total;Total;OSP;;4132537;673497283;2080672;3125950;366101498
2025T3;MD Convencional;Total;Total;OSP;;14262921;2037956714;7890007;8244740;779591106
2025T4;Cercanías;Total;Total;OSP;;111215258;5536997121;14870767;116995789;1922127389
2025T4;LD AV;Madrid-Alicante;Iryo;Comercial;;35958;17511546;37986;21994;10351387
2025T4;LD AV;Madrid-Alicante;OUIGO;Comercial;;407608;226010764;447164;375050;178555033
2025T4;LD AV;Madrid-Alicante;Renfe Viajeros;Comercial;;893065;419066623;1206962;629433;268720586
2025T4;LD AV;Madrid-Barcelona;Iryo;Comercial;;1028103;700702028;1519961;796084;470054415
2025T4;LD AV;Madrid-Barcelona;OUIGO;Comercial;;669715;421242742;584393;633257;371931105
2025T4;LD AV;Madrid-Barcelona;Renfe Viajeros;Comercial;;1945671;1203628158;2894727;1848185;853413090
2025T4;LD AV;Madrid-Barcelona;Total;Comercial;197736476;;;;;
2025T4;LD AV;Madrid-Málaga/Granada;Iryo;Comercial;;339713;187589081;406918;257718;121609774
2025T4;LD AV;Madrid-Málaga/Granada;OUIGO;Comercial;;248622;127294464;264192;206500;92535909
2025T4;LD AV;Madrid-Málaga/Granada;Renfe Viajeros;Comercial;;1051666;544628768;1349572;893371;394988823
2025T4;LD AV;Madrid-Málaga/Granada;Total;Comercial;50352055;;;;;
2025T4;LD AV;Madrid-Sevilla;Iryo;Comercial;;435495;224782860;487598;332125;142412732
2025T4;LD AV;Madrid-Sevilla;OUIGO;Comercial;;356597;169636951;343185;290045;119737773
2025T4;LD AV;Madrid-Sevilla;Renfe Viajeros;Comercial;;1050743;489641715;1221633;940880;390081102
2025T4;LD AV;Madrid-Sevilla;Total;Comercial;59286914;;;;;
2025T4;LD AV;Madrid-Valencia;Iryo;Comercial;;557810;222008380;481580;356256;141287835
2025T4;LD AV;Madrid-Valencia;OUIGO;Comercial;;406919;178083327;352232;359717;142153726
2025T4;LD AV;Madrid-Valencia;Renfe Viajeros;Comercial;;1089499;434126814;1044245;742156;283159979
2025T4;LD AV;Madrid-Valencia;Total;Comercial;44243719;;;;;
2025T4;LD AV;Resto;Total;Comercial;;2155643;1334865217;2683116;1956290;927010179
2025T4;LD Convencional;Total;Total;Comercial;;2423088;1226029328;4438802;2035727;772296507
2025T4;MD AV;Total;Total;OSP;;4416664;722756293;2094392;3695418;507083791
2025T4;MD Convencional;Total;Total;OSP;;14697577;2020819532;7943243;8854642;1008086589
